phoB	argP	dnaA	recF	dnaN	nrdB	nrdR	fis	mtlR	marR	glcC	xylR	hupA	hupB	marA	rob	putA	soxS	soxR	gadX	marB	micF	nrdA	fumC	inaA	zwf	nfo	tolC	ygiA	ygiB	ygiC	acrB	acrA	sodA	pgm	rfaY	seqA	rfaZ	fpr	pqiB	pqiA	poxB	xylH	slp	dctR	xylF	xylG	mtlD	guaA	guaB	mtlA	tyrP	ptsG	gadC	gadB	galK	galT	galE	galM	mtr	yhiD	hdeB	hdeA	gadA	metU	aslB	thrT	pgi	proM	glnU	thrW	psiF	leuW	mazG	leuP	fldB	tufB	alaW	topA	trmA	ybaS	serT	ybjC	glnV	leuX	gyrB	argX	tyrT	glyT	metT	hisR	gltX	fldA	mltF	phnI	valY	aspV	phnK	phnC	phnD
0.6938573	0.6543744	0.5649631	0.6432174	0.6415753	0.6088028	0.6818337	0.5321354	0.0732634	0.2761421	0.2881994	0.0797146	0.4765160	0.2661373	0.7689640	0.2569080	0.3463411	0.6997938	0.7192223	0.2369455	0.8005831	0.4803005	0.6274588	0.8218551	0.4130795	0.5051626	0.6310455	0.6921030	0.5736958	0.3693019	0.6768454	0.7683525	0.8200308	0.5407238	0.2529993	0.4656728	0.5111388	0.6727502	0.5687648	0.2304760	0.2834209	0.6953937	0.2140461	0.4706053	0.0057505	0.0548994	0.0096198	0.3127418	0.3479344	0.1365508	0.1675135	0.4779281	0.3833329	0.5234294	0.1935327	0.5736029	0.4364997	0.2923865	0.0174641	0.5179210	0.4688314	0.8495067	0.2833268	0.1956893	0.7594226	0.1303137	0.7596068	0.8167751	0.7466934	0.5975429	0.4312691	0.4948700	0.6498476	0.4566844	0.6784377	0.5442622	0.7351606	0.4791200	0.0532662	0.5570054	0.1194253	0.4239606	0.7329148	0.6646065	0.6919359	0.1365495	0.6116974	0.6346962	0.6043355	0.4352766	0.5112872	0.2715784	0.5362834	0.1800023	0.4737769	0.3523155	0.4837426	0.5540977	0.6959183	0.3025940
