"","Dataset","L0Reg.framework","GENIE3"
"1","Net1",0.776462620244958,0.727202632580392
"2","Net2",0.783945279169297,0.706329386315174
"3","Net3",0.842545957792276,0.750387486108354
"4","Net4",0.714858605885282,0.785772934617375
"5","Net5",0.740150643277357,0.68937802109207
